{
  "com.liferay.client.extension.type.configuration.CETConfiguration~liferay-sample-global-css" : {
    ":configurator:policy" : "force",
    "baseURL" : "${portalURL}/o/liferay-sample-global-css",
    "description" : "",
    "dxp.lxc.liferay.com.virtualInstanceId" : "default",
    "name" : "Liferay Sample Global CSS",
    "projectId" : "liferaysampleglobalcss",
    "projectName" : "liferay-sample-global-css",
    "properties" : [ ],
    "sourceCodeURL" : "",
    "type" : "globalCSS",
    "typeSettings" : [ "url=global.css" ],
    "webContextPath" : "/liferay-sample-global-css"
  }
}